{"MGenElectron_eta": 2.8671875, "MGenElectron_phi": 3.140625, "MGenElectron_pt": 1020.0, "MGenElectron_charge": 1.0, "MGenPartMother_pdgId": 5.0, "MGenPartMother_pt": 1.4459544672718039e-12, "MGenPartMother_deta": 27968.796875, "MGenPartMother_dphi": 3.140625, "MGenElectron_statusFlag0": 1.0, "MGenElectron_statusFlag1": 0.0, "MGenElectron_statusFlag2": 1.0, "MGenElectron_statusFlag3": 1.0, "MGenElectron_statusFlag4": 1.0, "MGenElectron_statusFlag5": 1.0, "MGenElectron_statusFlag6": 1.0, "MGenElectron_statusFlag7": 1.0, "MGenElectron_statusFlag8": 1.0, "MGenElectron_statusFlag9": 1.0, "MGenElectron_statusFlag10": 1.0, "MGenElectron_statusFlag11": 0.0, "MGenElectron_statusFlag12": 1.0, "MGenElectron_statusFlag13": 1.0, "MGenElectron_statusFlag14": 0.0, "ClosestJet_dr": 0.5, "ClosestJet_dphi": 0.5, "ClosestJet_deta": 0.5, "ClosestJet_pt": 1432.9013671875, "ClosestJet_mass": 260.25, "ClosestJet_EncodedPartonFlavour_light": 1.0, "ClosestJet_EncodedPartonFlavour_gluon": 1.0, "ClosestJet_EncodedPartonFlavour_c": 1.0, "ClosestJet_EncodedPartonFlavour_b": 1.0, "ClosestJet_EncodedPartonFlavour_undefined": 1.0, "ClosestJet_EncodedHadronFlavour_b": 1.0, "ClosestJet_EncodedHadronFlavour_c": 1.0, "ClosestJet_EncodedHadronFlavour_light": 1.0, "Pileup_gpudensity": 1.375, "Pileup_nPU": 100.0, "Pileup_nTrueInt": 77.0, "Pileup_pudensity": 7.0, "Pileup_sumEOOT": 917.0, "Pileup_sumLOOT": 237.0, "MElectron_charge": 1.9999996725712705, "MElectron_convVeto": 1.4999998631738123, "MElectron_deltaEtaSC": 1.3837890625, "MElectron_dr03EcalRecHitSumEt": 14.063942342702191, "MElectron_dr03HcalDepth1TowerSumEt": 13.433403051089247, "MElectron_dr03TkSumPt": 13.43609236318392, "MElectron_dr03TkSumPtHEEP": 13.984695975385808, "MElectron_dxy": 1.5702432916384892, "MElectron_dxyErr": 6.907755278982137, "MElectron_dz": 1.570499755904611, "MElectron_dzErr": 6.319365226276585, "MElectron_eInvMinusPInv": 1.5693351406201947, "MElectron_energyErr": 5.3706380281276624, "MElectron_etaMinusGen": 1.5376156402870995, "MElectron_hoe": 9.570638925598159, "MElectron_ip3d": 6.905576496783076, "MElectron_isPFcand": 1.499999517693297, "MElectron_jetPtRelv2": 7.1204443723924875, "MElectron_jetRelIso": 12.112006136491068, "MElectron_lostHits": 8.199801215092375, "MElectron_miniPFRelIso_all": 9.568885153386905, "MElectron_miniPFRelIso_chg": 9.413982577333984, "MElectron_mvaFall17V1Iso": 0.9999960064888, "MElectron_mvaFall17V1Iso_WP80": 1.4999989520339654, "MElectron_mvaFall17V1Iso_WP90": 1.49999930411541, "MElectron_mvaFall17V1Iso_WPL": 1.4999998268926125, "MElectron_mvaFall17V1noIso": 0.999995231628418, "MElectron_mvaFall17V1noIso_WP80": 1.4999998011925004, "MElectron_mvaFall17V1noIso_WP90": 1.4999998289887966, "MElectron_mvaFall17V1noIso_WPL": 1.4999999925787235, "MElectron_mvaFall17V2Iso": 1.0, "MElectron_mvaFall17V2Iso_WP80": 1.4999996075012243, "MElectron_mvaFall17V2Iso_WP90": 1.499999296862566, "MElectron_mvaFall17V2Iso_WPL": 1.4999995493018448, "MElectron_mvaFall17V2noIso": 1.0, "MElectron_mvaFall17V2noIso_WP80": 1.499999774189122, "MElectron_mvaFall17V2noIso_WP90": 1.499999991063452, "MElectron_mvaFall17V2noIso_WPL": 1.4999998413271205, "MElectron_mvaTTH": 0.999969482421875, "MElectron_pfRelIso03_all": 9.282280681703778, "MElectron_pfRelIso03_chg": 9.229993960122371, "MElectron_phiMinusGen": 1.5292954328035806, "MElectron_ptRatio": 1.544877149346, "MElectron_r9": 1.5439205571062302, "MElectron_seedGain": 12.499999967434682, "MElectron_sieie": 1.2964109626555236, "MElectron_sip3d": 8.951180966457603, "MElectron_tightCharge": 2.499999928752868}