{"MElectron_convVeto": [0.0, 1.0], "MElectron_deltaEtaSC": [-0.306884765625, 0.2465820163488388], "MElectron_dr03EcalRecHitSumEt": [-9.592630552737735e-11, 297.00002783416994], "MElectron_dr03HcalDepth1TowerSumEt": [-9.592630552737735e-11, 441.9999058942533], "MElectron_dr03TkSumPt": [-9.592630552737735e-11, 481.999952745105], "MElectron_dr03TkSumPtHEEP": [-9.592630552737735e-11, 408.0001717083099], "MElectron_dxy": [-6.027184024198356, 5.48402006794308], "MElectron_dxyErr": [0.0011444090578713374, 1.3750000237995377], "MElectron_dz": [-34.63051384624572, 35.375313823272386], "MElectron_dzErr": [0.0016326909945875235, 7.8749997077658], "MElectron_eInvMinusPInv": [-2.306650584293518, 0.7050791210430664], "MElectron_energyErr": [0.04882812298346487, 141.9999630396166], "MElectron_etaMinusGen": [-0.29327371282816245, 0.2851569345833258], "MElectron_hoe": [-9.592630552737735e-11, 24.87499860401814], "MElectron_ip3d": [1.3969681027339734e-05, 13.632815215816752], "MElectron_isPFcand": [0.0, 1.0], "MElectron_jetPtRelv2": [0.0, 733.9997836988666], "MElectron_jetRelIso": [-0.000995635987859828, 69.50003349256379], "MElectron_lostHits": [0.0, 6.0], "MElectron_miniPFRelIso_all": [-9.592630552737735e-11, 38.456015598337494], "MElectron_miniPFRelIso_chg": [-9.592630552737735e-11, 29.461264788338465], "MElectron_mvaFall17V1Iso": [-0.9999794960021973, 0.9997687339782715], "MElectron_mvaFall17V1Iso_WP80": [0.0, 1.0], "MElectron_mvaFall17V1Iso_WP90": [0.0, 1.0], "MElectron_mvaFall17V1Iso_WPL": [0.0, 1.0], "MElectron_mvaFall17V1noIso": [-0.9999875426292419, 0.9993960857391357], "MElectron_mvaFall17V1noIso_WP80": [0.0, 1.0], "MElectron_mvaFall17V1noIso_WP90": [0.0, 1.0], "MElectron_mvaFall17V1noIso_WPL": [0.0, 1.0], "MElectron_mvaFall17V2Iso": [-1.0, 1.0], "MElectron_mvaFall17V2Iso_WP80": [0.0, 1.0], "MElectron_mvaFall17V2Iso_WP90": [0.0, 1.0], "MElectron_mvaFall17V2Iso_WPL": [0.0, 1.0], "MElectron_mvaFall17V2noIso": [-1.0, 1.0], "MElectron_mvaFall17V2noIso_WP80": [0.0, 1.0], "MElectron_mvaFall17V2noIso_WP90": [0.0, 1.0], "MElectron_mvaFall17V2noIso_WPL": [0.0, 1.0], "MElectron_mvaTTH": [-0.999908447265625, 0.99334716796875], "MElectron_pfRelIso03_all": [-9.592630552737735e-11, 50.323874098643884], "MElectron_pfRelIso03_chg": [-9.592630552737735e-11, 38.83318067816531], "MElectron_phiMinusGen": [-0.2937015195240301, 0.29394566594240207], "MElectron_ptRatio": [0.49965438752390695, 1.5023051054300471], "MElectron_r9": [0.1287841840240049, 15.562519314049151], "MElectron_seedGain": [1.0, 12.0], "MElectron_sieie": [6.0503525009525385e-09, 0.08569336770578366], "MElectron_sip3d": [0.0063476566173378945, 2718.000266629561], "MElectron_tightCharge": [0.0, 2.0]}