{"MGenElectron_eta": 2.8671875, "MGenElectron_phi": 3.140625, "MGenElectron_pt": 644.0, "MGenElectron_charge": 1.0, "MGenPartMother_pdgId": 5.0, "MGenPartMother_pt": 1.2043699371133698e-12, "MGenPartMother_deta": 27968.796875, "MGenPartMother_dphi": 3.138671875, "MGenElectron_statusFlag0": 1.0, "MGenElectron_statusFlag1": 0.0, "MGenElectron_statusFlag2": 1.0, "MGenElectron_statusFlag3": 1.0, "MGenElectron_statusFlag4": 1.0, "MGenElectron_statusFlag5": 1.0, "MGenElectron_statusFlag6": 1.0, "MGenElectron_statusFlag7": 1.0, "MGenElectron_statusFlag8": 1.0, "MGenElectron_statusFlag9": 1.0, "MGenElectron_statusFlag10": 1.0, "MGenElectron_statusFlag11": 0.0, "MGenElectron_statusFlag12": 1.0, "MGenElectron_statusFlag13": 1.0, "MGenElectron_statusFlag14": 0.0, "ClosestJet_dr": 0.5, "ClosestJet_dphi": 0.5, "ClosestJet_deta": 0.5, "ClosestJet_pt": 1114.3173828125, "ClosestJet_mass": 183.75, "ClosestJet_EncodedPartonFlavour_light": 1.0, "ClosestJet_EncodedPartonFlavour_gluon": 1.0, "ClosestJet_EncodedPartonFlavour_c": 1.0, "ClosestJet_EncodedPartonFlavour_b": 1.0, "ClosestJet_EncodedPartonFlavour_undefined": 1.0, "ClosestJet_EncodedHadronFlavour_b": 1.0, "ClosestJet_EncodedHadronFlavour_c": 1.0, "ClosestJet_EncodedHadronFlavour_light": 1.0, "Pileup_gpudensity": 1.375, "Pileup_nPU": 100.0, "Pileup_nTrueInt": 77.0, "Pileup_pudensity": 6.0, "Pileup_sumEOOT": 917.0, "Pileup_sumLOOT": 237.0, "MElectron_charge": 1.9999980240627797, "MElectron_convVeto": 1.4999997207656333, "MElectron_deltaEtaSC": 0.2427978515625, "MElectron_dr03EcalRecHitSumEt": 13.17271231648619, "MElectron_dr03HcalDepth1TowerSumEt": 12.706893240841818, "MElectron_dr03TkSumPt": 13.070741719868748, "MElectron_dr03TkSumPtHEEP": 13.449048639993133, "MElectron_dxy": 1.5695014362692616, "MElectron_dxyErr": 6.46994147355834, "MElectron_dz": 1.5702015313260058, "MElectron_dzErr": 6.319365226276585, "MElectron_eInvMinusPInv": 1.5686563091631232, "MElectron_energyErr": 5.3230099791384085, "MElectron_etaMinusGen": 1.5376156402870995, "MElectron_hoe": 9.033130236851285, "MElectron_ip3d": 6.900472840855804, "MElectron_isPFcand": 1.4999980511955355, "MElectron_jetPtRelv2": 7.074116816197362, "MElectron_jetRelIso": 12.112006136491068, "MElectron_lostHits": 7.484753518055658, "MElectron_miniPFRelIso_all": 9.164864987796072, "MElectron_miniPFRelIso_chg": 8.903619760528844, "MElectron_mvaFall17V1Iso": 0.9999898672103882, "MElectron_mvaFall17V1Iso_WP80": 1.4999978191503607, "MElectron_mvaFall17V1Iso_WP90": 1.499999813945595, "MElectron_mvaFall17V1Iso_WPL": 1.4999924004581278, "MElectron_mvaFall17V1noIso": 0.999984622001648, "MElectron_mvaFall17V1noIso_WP80": 1.4999986509747691, "MElectron_mvaFall17V1noIso_WP90": 1.499993389725967, "MElectron_mvaFall17V1noIso_WPL": 1.499996328569902, "MElectron_mvaFall17V2Iso": 1.0, "MElectron_mvaFall17V2Iso_WP80": 1.4999970711282762, "MElectron_mvaFall17V2Iso_WP90": 1.4999905397551374, "MElectron_mvaFall17V2Iso_WPL": 1.4999987051111758, "MElectron_mvaFall17V2noIso": 1.0, "MElectron_mvaFall17V2noIso_WP80": 1.4999967370907745, "MElectron_mvaFall17V2noIso_WP90": 1.4999951643521159, "MElectron_mvaFall17V2noIso_WPL": 1.4999992809075966, "MElectron_mvaTTH": 0.999969482421875, "MElectron_pfRelIso03_all": 9.025807230072404, "MElectron_pfRelIso03_chg": 9.05161652496287, "MElectron_phiMinusGen": 1.5290247206964267, "MElectron_ptRatio": 1.544877149346, "MElectron_r9": 1.5428033913077661, "MElectron_seedGain": 12.499995537687736, "MElectron_sieie": 1.2964109626555236, "MElectron_sip3d": 8.951180966457603, "MElectron_tightCharge": 2.4999957354658697}